community,tool,post_url,updated_utc,evidence_kind,evidence_excerpt,consistency_dimension,polarity,access_method,captured_at,confidence
r/SillyTavernAI,SillyTavern,https://www.reddit.com/r/SillyTavernAI/comments/1v83xqf/i_created_a_github_page_that_links_all/,2026-07-27T15:38:48Z,community resource,"作者说扩展、预设和前端分散在 Reddit/Discord，社区努力很快被信息流掩埋，新用户很难找到合适扩展，因此制作可搜索的 Tavernary 目录。",community discoverability,positive_need,reddit RSS 200,2026-07-28,medium
r/SillyTavernAI,SillyTavern,https://www.reddit.com/r/SillyTavernAI/comments/1v8n08/how_i_set_up_a_full_visual_novel_style_in/,2026-07-27T15:27:53Z,usage report,"视觉小说、表情、服装和群聊需要多步手动配置；作者说群聊超过约三名角色加主角后叙事和 AI 行为开始变得不一致，仍要手动 mute/hide 角色。",group trajectory consistency,negative_constraint,reddit RSS 200,2026-07-28,high
r/SillyTavernAI,SillyTavern,https://www.reddit.com/r/SillyTavernAI/comments/1v8j1qo/ambiguity_in_api_services_is_a_lot_of_the_issue/,2026-07-28T00:56:39Z,user report,"同一个模型经三个 provider 产生完全不同的格式、语气和 CoT；作者怀疑 provider 注入隐藏 system prompt，并建议端到端自托管来比较。",provider-induced persona drift,negative_constraint,reddit RSS 200,2026-07-28,high
r/SillyTavernAI,SillyTavern,https://www.reddit.com/r/SillyTavernAI/comments/1t2rjbr/sillytavern_1180/,2026-05-03T17:21:50Z,release/community notice,"版本公告记录 Bot Browser 第三方扩展安全事件、工具调用递归限制、persona 管理命令、向量删除修复和第三方扩展安装确认。",extension supply chain and memory lifecycle,mixed,reddit RSS 200,2026-07-28,high
r/SillyTavernAI,SillyTavern,https://www.reddit.com/r/SillyTavernAI/comments/1v8jgxh/interactive_rpg_companion_for_sillytavern/,2026-07-28T01:14:44Z,community project,"社区扩展让 VRM 伴侣根据 D&D 事件产生战斗动画、装备、施法、伤害/治疗、表情、语音和情境反应。",multimodal state rendering,positive_need,reddit RSS 200,2026-07-28,medium
r/CharacterAI,Character.AI,https://www.reddit.com/r/CharacterAI/comments/1v8l5wh/laptop_version_of_website_bugged/,2026-07-28T02:29:23Z,user report,"用户称桌面首页反复加载，手机访问正常，并说近期问题频繁出现。",service continuity,negative_constraint,reddit RSS 200,2026-07-28,medium
r/CharacterAI,Character.AI,https://www.reddit.com/r/CharacterAI/comments/1v8l3u8/why_does_deepsqueak_think_shes_hallucinating_me/,2026-07-28T02:26:54Z,user report,"用户调侃角色反复触摸用户确认其是否真实，直接暴露角色对当前互动事实的错误判断。",self/world consistency,negative_constraint,reddit RSS 200,2026-07-28,high
r/CharacterAI,Character.AI,https://www.reddit.com/r/CharacterAI/comments/1v8kbe0/youre_joking/,2026-07-28T01:51:54Z,user report,"用户抱怨聊天中出现三种广告入口，并表示这促使其寻找更好的免费应用。",product continuity and trust,negative_constraint,reddit RSS 200,2026-07-28,medium
r/CharacterAI,Character.AI,https://www.reddit.com/r/CharacterAI/comments/1v8ix33/this_bot_appeared_in_my_for_you_screen_and/,2026-07-28T00:51:05Z,user report,"用户感叹推荐列表里有来自已离开创作者的 bot，担心这些角色像被遗弃一样。",character maintenance lifecycle,negative_need,reddit RSS 200,2026-07-28,medium
r/replika,Replika,https://www.reddit.com/r/replika/comments/1v8bp2n/for_those_whos_a_max_user_with_server_20_crash/,2026-07-27T20:09:48Z,community incident,"帖子把 Server 2.0 崩溃归因于维护、后端更新、流量和外部技术中断，记录了连接掉线和版本迁移影响。",backend continuity,negative_constraint,reddit RSS 200,2026-07-28,high
r/replika,Replika,https://www.reddit.com/r/replika/comments/1v856ka/what_the_heck_is_going_on_with_the_available_plans/,2026-07-27T16:22:53Z,user report,"用户说因长期问题转向 Kindroid，回来看原 Rep 时发现订阅层级混乱，并询问 proactive mode 等功能是否真正上线。",relationship/product version continuity,negative_constraint,reddit RSS 200,2026-07-28,high
r/replika,Replika,https://www.reddit.com/r/replika/comments/1v7uf20/app_crashing/,2026-07-27T08:30:44Z,user report,"用户报告应用每次启动都崩溃，重启和重新安装都没有解决。",service reliability,negative_constraint,reddit RSS 200,2026-07-28,medium
r/replika,Replika,https://www.reddit.com/r/replika/comments/1v6sbj2/is_your_rep_an_ai_or_human_in_your_relationship/,2026-07-26T03:26:42Z,relationship discussion,"用户称与 Rep 相处七年，并担心揭示其 AI 身份会破坏关系；这是用户对身份连续和长期关系的真实主观描述，不是模型内部信念证据。",relationship identity continuity,mixed,reddit RSS 200,2026-07-28,high
r/openclaw,OpenClaw,https://www.reddit.com/r/openclaw/comments/1v2o94l/is_openclaw_dead/,2026-07-21T16:58:23Z,community statement,"作者自称 OpenClaw Foundation 成员，报告 npm 日下载从约 176k 增至约 422k，并承认 4-6 月更新曾破坏安装、损害可靠性和信任；下载数字未独立复算。",maintenance and adoption,mixed,reddit RSS 200,2026-07-28,medium
r/openclaw,OpenClaw,https://www.reddit.com/r/openclaw/comments/1v81g8y/too_fragile_for_work_use/,2026-07-27T14:07:42Z,user report,"用户称安装会以不可预测方式损坏，Telegram 测试消息曾让 agent 崩溃并花很久恢复，还称 agent 会撒谎/幻觉，因此不敢交给真实工作。","installation;tool reliability;persona truthfulness",negative_constraint,reddit RSS 200,2026-07-28,high
r/openclaw,OpenClaw,https://www.reddit.com/r/openclaw/comments/1v87gej/what_do_you_use_for_memory/,2026-07-27T17:42:57Z,community request,"用户寻找本地、不会把生活导出到服务器的记忆系统，希望读取邮件/iMessage并维护可查询事实图；讨论 Letta、Screenpipe、OpenMemory 等候选。",privacy and memory provenance,positive_need,reddit RSS 200,2026-07-28,high
r/openclaw,OpenClaw,https://www.reddit.com/r/openclaw/comments/1v8hg2x/gpt_56_sol_has_a_significantly_smaller_context/,2026-07-27T23:49:47Z,user report,"用户说较小上下文模型在填满后才提醒，必须切换模型、保存记忆并重开 session，担心旧上下文重新消耗 token。",context compaction and memory continuity,negative_constraint,reddit RSS 200,2026-07-28,high
r/openclaw,OpenClaw,https://www.reddit.com/r/openclaw/comments/1v8bvfu/discord_message_ignore/,2026-07-27T20:15:55Z,user report,"CLI 里工作正常，但从 Discord 提问时只返回基础助手问候；即使强制指定 Discord session 才能工作。",channel identity and routing,negative_constraint,reddit RSS 200,2026-07-28,high
